id,last_update,name,category,price
16289,2023-01-01 00:00:00,product 2,category 1,59.55
23681,2023-01-01 00:00:02,product 4,category 5,0.84
18251,2023-01-01 00:00:03,product 10,category 5,48.42
52510,2023-01-01 00:00:04,product 7,category 3,38.37
42701,2023-01-01 00:00:04,product 9,category 5,57.27
74173,2023-01-01 00:00:06,product 3,category 4,45.17
98991,2023-01-01 00:00:06,product 2,category 5,51.04
40940,2023-01-01 00:00:06,product 4,category 3,40.46
65655,2023-01-01 00:00:08,product 10,category 1,95.27
57433,2023-01-01 00:00:09,product 6,category 4,83.42
70936,2023-01-01 00:00:10,product 10,category 2,15.71
49706,2023-01-01 00:00:11,product 5,category 2,89.82
36689,2023-01-01 00:00:12,product 5,category 1,2.93
60936,2023-01-01 00:00:12,product 8,category 1,80.23
55179,2023-01-01 00:00:13,product 2,category 3,85.32
13864,2023-01-01 00:00:15,product 2,category 4,49.27
62189,2023-01-01 00:00:15,product 6,category 3,40.44
65106,2023-01-01 00:00:16,product 1,category 3,19.63
48004,2023-01-01 00:00:16,product 3,category 4,52.25
52092,2023-01-01 00:00:20,product 1,category 2,91.94
68656,2023-01-01 00:00:20,product 6,category 4,28.47
56049,2023-01-01 00:00:21,product 2,category 4,54.31
15346,2023-01-01 00:00:21,product 10,category 1,30.66
45399,2023-01-01 00:00:22,product 7,category 5,62.82
76486,2023-01-01 00:00:23,product 10,category 3,93.5
71090,2023-01-01 00:00:24,product 8,category 4,69.75
24964,2023-01-01 00:00:25,product 7,category 4,47.69
44889,2023-01-01 00:00:25,product 7,category 5,18.99
93659,2023-01-01 00:00:27,product 7,category 4,97.07
38090,2023-01-01 00:00:27,product 6,category 4,76.97
58887,2023-01-01 00:00:28,product 4,category 2,19.7
75018,2023-01-01 00:00:33,product 10,category 3,26.95
20968,2023-01-01 00:00:35,product 9,category 5,3.44
73804,2023-01-01 00:00:37,product 10,category 1,16.66
54755,2023-01-01 00:00:37,product 5,category 4,69.51
73441,2023-01-01 00:00:40,product 10,category 1,80.3
16455,2023-01-01 00:00:40,product 2,category 4,36.8
44183,2023-01-01 00:00:42,product 1,category 1,61.63
55361,2023-01-01 00:00:46,product 3,category 2,18.75
55525,2023-01-01 00:00:48,product 5,category 5,52.71
13154,2023-01-01 00:00:50,product 1,category 1,80.0
40155,2023-01-01 00:00:51,product 8,category 1,61.2
82912,2023-01-01 00:00:53,product 4,category 5,49.68
16978,2023-01-01 00:00:54,product 2,category 3,16.79
90463,2023-01-01 00:00:57,product 8,category 4,74.42
38007,2023-01-01 00:00:57,product 9,category 1,81.61
59468,2023-01-01 00:01:02,product 3,category 1,76.43
62199,2023-01-01 00:01:04,product 3,category 4,18.8
76598,2023-01-01 00:01:05,product 2,category 3,71.04
63333,2023-01-01 00:01:06,product 10,category 5,75.8
99986,2023-01-01 00:01:08,product 3,category 4,87.15
12028,2023-01-01 00:01:08,product 9,category 4,10.15
25949,2023-01-01 00:01:12,product 3,category 2,60.89
40923,2023-01-01 00:01:14,product 6,category 1,89.57
70207,2023-01-01 00:01:19,product 2,category 2,60.37
24779,2023-01-01 00:01:19,product 3,category 4,62.0
94916,2023-01-01 00:01:19,product 3,category 4,70.4
55268,2023-01-01 00:01:22,product 2,category 1,27.76
13834,2023-01-01 00:01:22,product 8,category 4,94.18
67944,2023-01-01 00:01:23,product 1,category 2,49.78
46273,2023-01-01 00:01:24,product 3,category 2,20.02
21669,2023-01-01 00:01:25,product 8,category 4,72.05
36210,2023-01-01 00:01:28,product 9,category 5,44.91
50567,2023-01-01 00:01:30,product 8,category 1,39.37
69399,2023-01-01 00:01:31,product 10,category 5,43.74
35196,2023-01-01 00:01:36,product 1,category 4,14.5
44535,2023-01-01 00:01:36,product 7,category 5,49.64
61008,2023-01-01 00:01:37,product 6,category 5,50.1
65917,2023-01-01 00:01:40,product 2,category 1,42.18
62994,2023-01-01 00:01:40,product 8,category 3,86.11
78936,2023-01-01 00:01:41,product 7,category 1,19.19
26305,2023-01-01 00:01:41,product 5,category 3,81.18
34718,2023-01-01 00:01:42,product 6,category 2,54.74
67711,2023-01-01 00:01:43,product 7,category 2,94.1
32470,2023-01-01 00:01:44,product 7,category 4,71.17
13019,2023-01-01 00:01:45,product 5,category 2,43.15
40334,2023-01-01 00:01:46,product 7,category 3,49.62
71780,2023-01-01 00:01:49,product 5,category 4,44.29
80284,2023-01-01 00:01:51,product 3,category 3,28.96
25232,2023-01-01 00:01:57,product 10,category 1,5.77
72009,2023-01-01 00:01:57,product 2,category 3,8.36
39751,2023-01-01 00:01:59,product 7,category 2,42.53
21142,2023-01-01 00:02:01,product 1,category 1,31.69
20849,2023-01-01 00:02:04,product 5,category 3,37.25
70155,2023-01-01 00:02:05,product 7,category 2,3.93
34802,2023-01-01 00:02:07,product 3,category 5,77.43
25755,2023-01-01 00:02:08,product 3,category 3,85.55
90547,2023-01-01 00:02:10,product 1,category 5,31.06
58170,2023-01-01 00:02:10,product 4,category 2,60.53
12920,2023-01-01 00:02:13,product 2,category 3,22.39
72957,2023-01-01 00:02:13,product 4,category 2,22.8
39365,2023-01-01 00:02:14,product 7,category 5,75.51
73761,2023-01-01 00:02:23,product 8,category 4,31.85
16735,2023-01-01 00:02:24,product 8,category 2,23.49
22887,2023-01-01 00:02:24,product 9,category 4,19.71
64190,2023-01-01 00:02:25,product 1,category 1,46.88
49200,2023-01-01 00:02:26,product 3,category 5,26.86
77047,2023-01-01 00:02:27,product 3,category 1,26.67
16077,2023-01-01 00:02:27,product 7,category 1,64.04
18433,2023-01-01 00:02:30,product 1,category 4,88.39
87821,2023-01-01 00:02:34,product 10,category 5,59.79
82228,2023-01-01 00:02:36,product 4,category 2,86.56
56537,2023-01-01 00:02:36,product 3,category 1,5.51
96011,2023-01-01 00:02:41,product 10,category 4,51.39
38629,2023-01-01 00:02:41,product 5,category 3,67.43
41713,2023-01-01 00:02:42,product 8,category 4,42.76
68539,2023-01-01 00:02:43,product 4,category 1,14.95
47353,2023-01-01 00:02:43,product 6,category 4,0.6
96429,2023-01-01 00:02:43,product 1,category 2,63.29
89134,2023-01-01 00:02:43,product 5,category 1,65.84
91471,2023-01-01 00:02:44,product 9,category 5,91.4
11244,2023-01-01 00:02:44,product 5,category 1,53.13
92005,2023-01-01 00:02:46,product 8,category 3,91.82
10890,2023-01-01 00:02:48,product 9,category 4,23.91
84434,2023-01-01 00:02:49,product 6,category 4,9.84
74462,2023-01-01 00:02:49,product 6,category 3,27.16
57494,2023-01-01 00:02:53,product 4,category 5,85.22
77450,2023-01-01 00:02:56,product 7,category 4,21.75
95603,2023-01-01 00:03:00,product 2,category 2,20.06
78759,2023-01-01 00:03:01,product 2,category 5,51.68
92384,2023-01-01 00:03:01,product 9,category 4,5.85
85311,2023-01-01 00:03:03,product 7,category 4,48.95
35900,2023-01-01 00:03:08,product 9,category 1,95.33
40597,2023-01-01 00:03:08,product 9,category 4,73.71
16568,2023-01-01 00:03:09,product 10,category 1,94.1
22308,2023-01-01 00:03:09,product 4,category 3,87.71
26161,2023-01-01 00:03:15,product 7,category 5,83.82
57374,2023-01-01 00:03:15,product 1,category 2,48.45
91290,2023-01-01 00:03:15,product 7,category 1,10.67
35485,2023-01-01 00:03:16,product 9,category 2,99.97
72845,2023-01-01 00:03:17,product 4,category 2,96.06
74580,2023-01-01 00:03:19,product 8,category 3,16.17
48626,2023-01-01 00:03:20,product 3,category 1,42.28
24186,2023-01-01 00:03:20,product 9,category 1,54.92
65631,2023-01-01 00:03:21,product 6,category 3,12.91
30065,2023-01-01 00:03:22,product 8,category 5,99.76
52787,2023-01-01 00:03:23,product 1,category 3,50.63
52333,2023-01-01 00:03:26,product 8,category 3,29.8
60322,2023-01-01 00:03:26,product 9,category 4,57.52
34208,2023-01-01 00:03:27,product 2,category 1,81.49
86507,2023-01-01 00:03:28,product 3,category 2,20.69
47503,2023-01-01 00:03:28,product 9,category 5,25.3
10774,2023-01-01 00:03:28,product 4,category 2,20.5
49377,2023-01-01 00:03:29,product 8,category 4,62.48
40779,2023-01-01 00:03:29,product 4,category 4,61.05
12367,2023-01-01 00:03:31,product 2,category 1,24.59
25500,2023-01-01 00:03:32,product 9,category 4,46.06
21902,2023-01-01 00:03:33,product 5,category 2,95.42
23098,2023-01-01 00:03:41,product 9,category 2,42.64
32485,2023-01-01 00:03:46,product 8,category 4,70.8
68543,2023-01-01 00:03:48,product 7,category 4,79.71
12172,2023-01-01 00:03:58,product 9,category 3,1.94
17887,2023-01-01 00:04:00,product 7,category 4,98.3
31846,2023-01-01 00:04:00,product 3,category 4,77.79
50437,2023-01-01 00:04:00,product 6,category 2,84.74
34529,2023-01-01 00:04:02,product 9,category 4,93.34
62907,2023-01-01 00:04:04,product 8,category 5,26.46
18760,2023-01-01 00:04:05,product 5,category 1,46.95
90248,2023-01-01 00:04:05,product 9,category 3,4.86
75388,2023-01-01 00:04:06,product 2,category 4,69.79
80993,2023-01-01 00:04:08,product 3,category 4,33.7
46188,2023-01-01 00:04:10,product 10,category 2,90.95
90669,2023-01-01 00:04:13,product 7,category 5,40.06
21965,2023-01-01 00:04:16,product 9,category 2,82.97
81845,2023-01-01 00:04:17,product 10,category 3,77.17
99428,2023-01-01 00:04:18,product 4,category 1,24.6
84105,2023-01-01 00:04:19,product 1,category 2,15.25
97864,2023-01-01 00:04:23,product 5,category 5,16.25
63491,2023-01-01 00:04:25,product 2,category 3,32.28
88987,2023-01-01 00:04:26,product 9,category 4,17.56
56031,2023-01-01 00:04:28,product 8,category 4,30.67
91348,2023-01-01 00:04:30,product 6,category 3,73.77
75365,2023-01-01 00:04:30,product 8,category 4,35.69
82079,2023-01-01 00:04:31,product 1,category 4,92.95
32510,2023-01-01 00:04:33,product 1,category 2,48.48
99624,2023-01-01 00:04:34,product 6,category 3,84.31
44260,2023-01-01 00:04:34,product 8,category 2,39.13
53214,2023-01-01 00:04:36,product 9,category 3,66.92
38931,2023-01-01 00:04:37,product 7,category 2,23.9
59878,2023-01-01 00:04:38,product 1,category 3,32.99
12878,2023-01-01 00:04:38,product 8,category 2,38.43
32980,2023-01-01 00:04:41,product 9,category 2,73.63
37080,2023-01-01 00:04:41,product 10,category 2,35.68
76646,2023-01-01 00:04:43,product 2,category 4,40.46
41877,2023-01-01 00:04:44,product 5,category 3,27.73
37540,2023-01-01 00:04:46,product 5,category 5,79.8
22487,2023-01-01 00:04:47,product 6,category 2,78.01
70888,2023-01-01 00:04:47,product 8,category 3,94.62
62387,2023-01-01 00:04:48,product 6,category 5,12.98
51232,2023-01-01 00:04:51,product 7,category 3,95.39
86780,2023-01-01 00:04:52,product 3,category 5,64.07
75968,2023-01-01 00:04:52,product 6,category 4,39.07
91468,2023-01-01 00:04:53,product 10,category 2,56.75
86324,2023-01-01 00:04:55,product 8,category 4,43.73
13810,2023-01-01 00:04:56,product 3,category 2,68.03
25758,2023-01-01 00:05:00,product 3,category 4,95.26
46135,2023-01-01 00:05:01,product 2,category 2,11.72
35289,2023-01-01 00:05:01,product 7,category 5,71.71
98041,2023-01-01 00:05:03,product 6,category 1,81.65
10843,2023-01-01 00:05:07,product 2,category 5,41.68
63477,2023-01-01 00:05:08,product 4,category 2,87.18
68972,2023-01-01 00:05:08,product 8,category 1,16.29
60574,2023-01-01 00:05:09,product 5,category 2,5.96
41366,2023-01-01 00:05:10,product 7,category 3,90.29
50923,2023-01-01 00:05:11,product 5,category 3,87.01
48235,2023-01-01 00:05:13,product 2,category 5,93.25
94485,2023-01-01 00:05:16,product 5,category 4,20.7
32217,2023-01-01 00:05:17,product 4,category 5,92.67
32524,2023-01-01 00:05:17,product 4,category 5,3.31
13591,2023-01-01 00:05:17,product 8,category 1,55.22
17311,2023-01-01 00:05:18,product 2,category 3,48.38
88848,2023-01-01 00:05:19,product 6,category 1,90.32
94247,2023-01-01 00:05:19,product 2,category 2,80.13
85498,2023-01-01 00:05:20,product 10,category 5,20.28
89920,2023-01-01 00:05:20,product 7,category 2,52.2
58887,2023-01-01 00:05:25,product 2,category 4,1.43
16133,2023-01-01 00:05:25,product 8,category 3,4.4
17593,2023-01-01 00:05:25,product 2,category 4,72.94
73480,2023-01-01 00:05:28,product 2,category 3,66.14
69808,2023-01-01 00:05:29,product 1,category 1,60.21
33983,2023-01-01 00:05:30,product 1,category 4,67.46
27153,2023-01-01 00:05:30,product 6,category 2,43.19
58256,2023-01-01 00:05:31,product 1,category 3,93.82
34956,2023-01-01 00:05:35,product 6,category 1,42.34
71148,2023-01-01 00:05:36,product 8,category 4,52.92
46838,2023-01-01 00:05:38,product 9,category 3,91.16
51724,2023-01-01 00:05:39,product 1,category 4,36.33
80114,2023-01-01 00:05:40,product 9,category 5,45.26
99169,2023-01-01 00:05:46,product 1,category 3,62.89
24037,2023-01-01 00:05:47,product 5,category 4,61.0
72229,2023-01-01 00:05:49,product 7,category 5,47.83
13254,2023-01-01 00:05:50,product 3,category 5,18.54
47169,2023-01-01 00:05:50,product 6,category 4,37.86
67753,2023-01-01 00:05:51,product 5,category 5,43.52
25556,2023-01-01 00:05:52,product 1,category 5,25.23
35119,2023-01-01 00:05:53,product 4,category 2,61.44
42785,2023-01-01 00:05:54,product 8,category 1,89.88
10933,2023-01-01 00:05:54,product 6,category 5,94.88
54948,2023-01-01 00:05:54,product 4,category 5,38.99
65391,2023-01-01 00:05:56,product 1,category 1,94.87
87532,2023-01-01 00:05:56,product 3,category 4,90.76
99102,2023-01-01 00:05:57,product 5,category 2,84.0
54741,2023-01-01 00:05:59,product 6,category 1,21.17
98718,2023-01-01 00:06:00,product 6,category 3,3.25
39119,2023-01-01 00:06:00,product 1,category 3,61.73
12499,2023-01-01 00:06:01,product 3,category 1,12.19
39731,2023-01-01 00:06:02,product 7,category 5,53.84
44939,2023-01-01 00:06:03,product 2,category 5,57.02
36012,2023-01-01 00:06:05,product 1,category 2,65.35
89995,2023-01-01 00:06:08,product 2,category 5,34.36
10005,2023-01-01 00:06:10,product 6,category 1,32.52
39039,2023-01-01 00:06:10,product 2,category 2,54.73
16333,2023-01-01 00:06:12,product 8,category 2,89.84
35992,2023-01-01 00:06:14,product 7,category 2,29.65
71771,2023-01-01 00:06:15,product 10,category 4,1.11
27120,2023-01-01 00:06:18,product 5,category 3,46.27
45608,2023-01-01 00:06:18,product 8,category 1,64.01
75636,2023-01-01 00:06:18,product 7,category 1,15.12
26118,2023-01-01 00:06:20,product 2,category 2,44.33
43008,2023-01-01 00:06:20,product 1,category 4,12.05
71769,2023-01-01 00:06:22,product 3,category 5,27.83
88027,2023-01-01 00:06:23,product 7,category 2,73.17
73491,2023-01-01 00:06:23,product 7,category 1,89.15
74667,2023-01-01 00:06:23,product 6,category 5,23.44
53587,2023-01-01 00:06:24,product 8,category 2,63.83
54321,2023-01-01 00:06:25,product 8,category 1,36.95
56940,2023-01-01 00:06:25,product 1,category 3,22.55
18757,2023-01-01 00:06:28,product 9,category 2,90.19
85123,2023-01-01 00:06:29,product 6,category 4,10.82
13344,2023-01-01 00:06:31,product 5,category 1,52.34
64423,2023-01-01 00:06:31,product 10,category 2,35.17
31003,2023-01-01 00:06:31,product 7,category 3,8.24
27956,2023-01-01 00:06:34,product 4,category 2,28.9
68634,2023-01-01 00:06:34,product 5,category 1,61.1
75668,2023-01-01 00:06:34,product 6,category 3,73.3
84739,2023-01-01 00:06:35,product 4,category 1,41.18
53116,2023-01-01 00:06:35,product 10,category 4,24.18
22609,2023-01-01 00:06:36,product 2,category 3,59.53
43582,2023-01-01 00:06:36,product 4,category 3,29.9
42947,2023-01-01 00:06:36,product 10,category 3,19.29
68580,2023-01-01 00:06:39,product 10,category 3,59.34
28017,2023-01-01 00:06:42,product 9,category 2,1.0
82008,2023-01-01 00:06:44,product 7,category 3,90.27
36110,2023-01-01 00:06:46,product 4,category 5,39.09
80271,2023-01-01 00:06:47,product 10,category 5,7.36
31998,2023-01-01 00:06:47,product 9,category 5,63.09
17186,2023-01-01 00:06:48,product 9,category 3,59.58
87133,2023-01-01 00:06:48,product 6,category 2,88.52
20167,2023-01-01 00:06:51,product 1,category 1,40.17
48775,2023-01-01 00:06:52,product 10,category 2,55.55
27248,2023-01-01 00:06:52,product 5,category 2,57.48
80806,2023-01-01 00:06:55,product 7,category 4,35.7
91595,2023-01-01 00:06:57,product 5,category 3,61.65
67144,2023-01-01 00:06:58,product 10,category 1,84.53
96357,2023-01-01 00:07:01,product 4,category 4,50.22
63586,2023-01-01 00:07:04,product 5,category 2,0.88
71169,2023-01-01 00:07:04,product 7,category 3,82.14
95268,2023-01-01 00:07:06,product 3,category 1,96.08
93311,2023-01-01 00:07:07,product 6,category 4,47.73
95790,2023-01-01 00:07:08,product 2,category 5,84.94
26096,2023-01-01 00:07:08,product 8,category 1,10.01
20702,2023-01-01 00:07:10,product 3,category 2,99.36
29225,2023-01-01 00:07:12,product 3,category 4,22.7
59522,2023-01-01 00:07:16,product 9,category 2,86.16
95333,2023-01-01 00:07:17,product 5,category 4,46.81
55271,2023-01-01 00:07:29,product 9,category 5,33.91
14791,2023-01-01 00:07:30,product 6,category 4,36.18
72796,2023-01-01 00:07:30,product 7,category 5,36.55
14477,2023-01-01 00:07:31,product 9,category 2,58.59
73520,2023-01-01 00:07:32,product 10,category 3,30.26
49161,2023-01-01 00:07:36,product 4,category 1,51.57
20187,2023-01-01 00:07:39,product 3,category 2,5.26
15898,2023-01-01 00:07:42,product 8,category 2,97.08
42332,2023-01-01 00:07:43,product 6,category 2,16.73
77486,2023-01-01 00:07:43,product 9,category 5,20.51
94959,2023-01-01 00:07:44,product 9,category 4,42.57
60560,2023-01-01 00:07:45,product 2,category 4,97.39
39626,2023-01-01 00:07:46,product 9,category 2,50.08
67231,2023-01-01 00:07:48,product 10,category 2,67.4
84416,2023-01-01 00:07:49,product 6,category 1,57.31
78421,2023-01-01 00:07:51,product 9,category 3,67.59
86838,2023-01-01 00:07:52,product 1,category 1,18.33
57541,2023-01-01 00:07:53,product 3,category 3,83.81
80563,2023-01-01 00:07:55,product 2,category 4,0.85
12779,2023-01-01 00:07:55,product 9,category 1,50.82
43960,2023-01-01 00:07:55,product 1,category 5,50.2
71982,2023-01-01 00:07:56,product 1,category 1,74.11
74138,2023-01-01 00:07:59,product 10,category 1,54.47
64864,2023-01-01 00:07:59,product 9,category 4,1.66
17739,2023-01-01 00:07:59,product 5,category 1,60.24
15985,2023-01-01 00:08:00,product 3,category 4,67.84
36234,2023-01-01 00:08:00,product 6,category 5,15.92
44608,2023-01-01 00:08:03,product 4,category 4,37.36
64027,2023-01-01 00:08:06,product 5,category 1,44.75
22554,2023-01-01 00:08:07,product 8,category 3,4.4
29630,2023-01-01 00:08:08,product 9,category 5,77.04
79548,2023-01-01 00:08:11,product 3,category 1,99.26
48416,2023-01-01 00:08:11,product 9,category 5,21.22
48046,2023-01-01 00:08:14,product 4,category 1,58.65
34834,2023-01-01 00:08:14,product 1,category 4,12.54
13942,2023-01-01 00:08:15,product 9,category 2,79.29
52622,2023-01-01 00:08:15,product 3,category 1,49.06
67811,2023-01-01 00:08:16,product 7,category 4,70.11
72577,2023-01-01 00:08:17,product 8,category 2,79.37
50194,2023-01-01 00:08:20,product 4,category 5,23.56
69322,2023-01-01 00:08:20,product 3,category 2,84.11
26282,2023-01-01 00:08:20,product 1,category 2,77.61
67118,2023-01-01 00:08:23,product 3,category 2,15.02
56501,2023-01-01 00:08:23,product 7,category 5,30.44
17940,2023-01-01 00:08:24,product 3,category 4,22.63
83809,2023-01-01 00:08:26,product 4,category 3,10.55
53493,2023-01-01 00:08:26,product 8,category 1,12.79
86150,2023-01-01 00:08:27,product 10,category 2,8.34
24983,2023-01-01 00:08:28,product 4,category 3,86.74
77575,2023-01-01 00:08:29,product 10,category 3,42.63
23342,2023-01-01 00:08:31,product 1,category 4,65.47
95960,2023-01-01 00:08:36,product 8,category 3,18.75
63775,2023-01-01 00:08:37,product 9,category 4,81.63
23092,2023-01-01 00:08:39,product 8,category 4,58.21
53593,2023-01-01 00:08:39,product 3,category 5,12.01
83327,2023-01-01 00:08:40,product 6,category 2,15.76
98398,2023-01-01 00:08:40,product 3,category 5,75.22
59406,2023-01-01 00:08:45,product 5,category 3,6.57
66304,2023-01-01 00:08:46,product 3,category 4,69.67
70513,2023-01-01 00:08:52,product 1,category 1,97.87
21244,2023-01-01 00:08:53,product 8,category 5,43.76
19638,2023-01-01 00:08:53,product 8,category 3,13.16
48181,2023-01-01 00:08:53,product 8,category 2,11.53
30216,2023-01-01 00:08:54,product 3,category 2,81.48
95135,2023-01-01 00:08:55,product 6,category 4,86.55
38969,2023-01-01 00:08:58,product 5,category 5,20.87
26294,2023-01-01 00:08:59,product 2,category 1,75.26
79396,2023-01-01 00:09:05,product 9,category 3,14.95
39785,2023-01-01 00:09:07,product 6,category 3,41.76
68999,2023-01-01 00:09:09,product 1,category 5,64.94
40178,2023-01-01 00:09:09,product 3,category 3,67.49
80285,2023-01-01 00:09:10,product 9,category 1,71.67
54322,2023-01-01 00:09:10,product 3,category 1,24.31
69839,2023-01-01 00:09:11,product 10,category 3,62.79
94111,2023-01-01 00:09:11,product 6,category 4,64.3
14917,2023-01-01 00:09:14,product 8,category 3,16.58
73269,2023-01-01 00:09:15,product 7,category 5,12.12
98245,2023-01-01 00:09:16,product 6,category 5,38.56
99747,2023-01-01 00:09:17,product 1,category 2,77.09
48622,2023-01-01 00:09:20,product 6,category 5,91.68
77821,2023-01-01 00:09:20,product 10,category 4,85.24
15113,2023-01-01 00:09:21,product 4,category 5,40.63
20279,2023-01-01 00:09:22,product 3,category 1,62.1
31122,2023-01-01 00:09:22,product 8,category 5,77.36
98869,2023-01-01 00:09:23,product 8,category 1,21.11
60745,2023-01-01 00:09:23,product 10,category 5,75.24
32762,2023-01-01 00:09:24,product 6,category 2,31.07
20745,2023-01-01 00:09:25,product 5,category 5,21.28
55925,2023-01-01 00:09:31,product 5,category 5,68.56
44814,2023-01-01 00:09:31,product 6,category 1,52.52
74623,2023-01-01 00:09:34,product 10,category 4,1.05
83926,2023-01-01 00:09:35,product 2,category 5,29.02
29330,2023-01-01 00:09:42,product 4,category 1,57.44
89914,2023-01-01 00:09:43,product 7,category 2,80.04
62167,2023-01-01 00:09:44,product 3,category 1,29.01
47837,2023-01-01 00:09:46,product 2,category 3,13.01
91228,2023-01-01 00:09:47,product 2,category 1,11.06
76362,2023-01-01 00:09:48,product 6,category 3,76.95
68522,2023-01-01 00:09:51,product 10,category 3,85.9
59958,2023-01-01 00:09:51,product 6,category 4,28.07
69809,2023-01-01 00:09:52,product 7,category 2,93.28
59500,2023-01-01 00:09:53,product 6,category 1,80.32
15121,2023-01-01 00:09:53,product 3,category 3,48.51
75486,2023-01-01 00:09:54,product 5,category 4,45.48
50182,2023-01-01 00:09:56,product 8,category 2,79.82
85114,2023-01-01 00:09:57,product 5,category 4,89.23
89719,2023-01-01 00:10:00,product 4,category 3,69.87
52410,2023-01-01 00:10:01,product 5,category 2,89.81
85185,2023-01-01 00:10:02,product 4,category 5,76.55
57829,2023-01-01 00:10:02,product 10,category 3,46.74
28693,2023-01-01 00:10:03,product 6,category 3,73.55
15607,2023-01-01 00:10:06,product 3,category 4,35.88
40236,2023-01-01 00:10:07,product 4,category 1,41.03
67097,2023-01-01 00:10:07,product 8,category 4,51.51
19178,2023-01-01 00:10:10,product 6,category 1,31.83
57894,2023-01-01 00:10:13,product 5,category 1,25.17
99454,2023-01-01 00:10:16,product 8,category 1,66.56
13729,2023-01-01 00:10:18,product 3,category 2,43.62
76223,2023-01-01 00:10:18,product 9,category 5,29.6
65582,2023-01-01 00:10:18,product 7,category 5,49.56
23477,2023-01-01 00:10:20,product 10,category 1,72.17
58983,2023-01-01 00:10:22,product 3,category 5,34.74
21702,2023-01-01 00:10:23,product 1,category 2,2.43
39693,2023-01-01 00:10:23,product 9,category 3,61.79
63451,2023-01-01 00:10:25,product 9,category 2,39.33
18687,2023-01-01 00:10:31,product 6,category 4,46.54
50562,2023-01-01 00:10:38,product 9,category 1,85.17
45912,2023-01-01 00:10:41,product 6,category 5,37.85
96024,2023-01-01 00:10:46,product 7,category 5,83.45
75664,2023-01-01 00:10:46,product 6,category 3,83.8
45520,2023-01-01 00:10:48,product 2,category 3,76.24
19356,2023-01-01 00:10:50,product 1,category 4,0.98
14246,2023-01-01 00:10:50,product 4,category 1,33.02
23159,2023-01-01 00:10:52,product 5,category 5,56.25
99945,2023-01-01 00:10:52,product 2,category 1,67.43
19859,2023-01-01 00:10:54,product 6,category 2,63.5
59802,2023-01-01 00:10:55,product 3,category 2,3.11
17430,2023-01-01 00:10:57,product 8,category 4,82.18
68422,2023-01-01 00:10:59,product 8,category 3,85.48
21980,2023-01-01 00:11:01,product 8,category 3,47.63
65576,2023-01-01 00:11:02,product 7,category 4,46.46
53947,2023-01-01 00:11:03,product 4,category 4,60.68
38010,2023-01-01 00:11:06,product 1,category 2,32.48
81248,2023-01-01 00:11:07,product 10,category 3,1.86
53047,2023-01-01 00:11:07,product 7,category 3,51.65
42795,2023-01-01 00:11:08,product 4,category 2,44.89
16199,2023-01-01 00:11:09,product 1,category 1,84.91
47937,2023-01-01 00:11:09,product 7,category 4,70.99
39244,2023-01-01 00:11:11,product 9,category 4,70.38
42391,2023-01-01 00:11:17,product 1,category 3,24.17
16615,2023-01-01 00:11:17,product 1,category 1,79.05
85503,2023-01-01 00:11:18,product 5,category 3,39.65
67349,2023-01-01 00:11:22,product 2,category 3,31.32
16849,2023-01-01 00:11:23,product 3,category 2,37.24
79208,2023-01-01 00:11:23,product 4,category 2,69.4
12289,2023-01-01 00:11:24,product 3,category 1,42.24
29164,2023-01-01 00:11:24,product 8,category 2,37.5
23535,2023-01-01 00:11:24,product 1,category 5,35.91
95720,2023-01-01 00:11:25,product 6,category 3,80.56
46516,2023-01-01 00:11:25,product 10,category 1,46.62
24983,2023-01-01 00:11:28,product 9,category 4,26.63
63667,2023-01-01 00:11:29,product 1,category 2,17.22
43016,2023-01-01 00:11:32,product 9,category 2,28.39
65254,2023-01-01 00:11:34,product 4,category 3,42.69
28676,2023-01-01 00:11:34,product 1,category 5,31.81
24249,2023-01-01 00:11:35,product 8,category 4,65.75
89865,2023-01-01 00:11:36,product 5,category 5,60.12
80508,2023-01-01 00:11:37,product 1,category 2,71.2
19252,2023-01-01 00:11:38,product 3,category 4,45.11
72133,2023-01-01 00:11:41,product 1,category 1,6.8
41729,2023-01-01 00:11:42,product 8,category 2,51.85
81185,2023-01-01 00:11:43,product 4,category 2,68.89
90537,2023-01-01 00:11:43,product 5,category 3,43.7
56039,2023-01-01 00:11:44,product 6,category 5,90.33
78053,2023-01-01 00:11:46,product 6,category 1,92.16
33885,2023-01-01 00:11:48,product 4,category 1,90.26
44684,2023-01-01 00:11:49,product 10,category 1,78.65
96043,2023-01-01 00:11:53,product 10,category 3,70.38
30091,2023-01-01 00:11:54,product 1,category 4,86.26
72008,2023-01-01 00:11:55,product 7,category 4,23.57
95477,2023-01-01 00:11:56,product 3,category 3,23.32
91936,2023-01-01 00:11:57,product 6,category 1,37.42
92475,2023-01-01 00:11:58,product 9,category 5,94.13
81756,2023-01-01 00:12:00,product 3,category 3,29.46
96898,2023-01-01 00:12:00,product 3,category 2,14.83
70077,2023-01-01 00:12:02,product 5,category 5,32.11
30092,2023-01-01 00:12:03,product 6,category 2,43.75
23745,2023-01-01 00:12:04,product 9,category 5,57.99
91057,2023-01-01 00:12:07,product 2,category 5,12.56
10159,2023-01-01 00:12:08,product 5,category 4,56.35
21329,2023-01-01 00:12:11,product 7,category 2,18.83
88139,2023-01-01 00:12:12,product 9,category 3,81.55
20801,2023-01-01 00:12:12,product 4,category 4,55.98
24965,2023-01-01 00:12:13,product 4,category 4,47.37
10398,2023-01-01 00:12:16,product 10,category 4,93.54
56435,2023-01-01 00:12:17,product 10,category 3,10.49
53469,2023-01-01 00:12:18,product 9,category 1,73.03
16301,2023-01-01 00:12:19,product 2,category 1,57.14
61660,2023-01-01 00:12:20,product 2,category 4,18.16
10585,2023-01-01 00:12:21,product 3,category 2,26.9
25777,2023-01-01 00:12:25,product 9,category 3,90.06
86196,2023-01-01 00:12:26,product 9,category 2,8.53
46415,2023-01-01 00:12:26,product 9,category 2,67.89
29654,2023-01-01 00:12:27,product 2,category 5,71.72
77558,2023-01-01 00:12:28,product 4,category 5,17.01
89717,2023-01-01 00:12:32,product 4,category 2,10.15
90851,2023-01-01 00:12:33,product 10,category 5,37.51
98033,2023-01-01 00:12:36,product 4,category 3,49.29
28304,2023-01-01 00:12:36,product 4,category 3,49.4
79025,2023-01-01 00:12:37,product 9,category 3,97.74
96061,2023-01-01 00:12:37,product 1,category 1,23.39
37794,2023-01-01 00:12:41,product 8,category 5,67.62
52985,2023-01-01 00:12:43,product 2,category 1,54.23
30571,2023-01-01 00:12:44,product 2,category 5,8.73
42181,2023-01-01 00:12:44,product 4,category 5,70.68
23234,2023-01-01 00:12:48,product 1,category 2,11.62
12433,2023-01-01 00:12:52,product 4,category 5,7.05
95619,2023-01-01 00:12:54,product 3,category 2,32.46
97255,2023-01-01 00:12:56,product 7,category 1,14.62
64807,2023-01-01 00:12:56,product 8,category 2,48.21
64371,2023-01-01 00:12:56,product 3,category 5,65.18
29393,2023-01-01 00:12:56,product 4,category 1,82.49
86884,2023-01-01 00:12:56,product 8,category 5,75.78
22829,2023-01-01 00:13:00,product 10,category 1,49.43
74812,2023-01-01 00:13:03,product 10,category 5,38.23
53446,2023-01-01 00:13:04,product 10,category 3,70.09
25011,2023-01-01 00:13:04,product 1,category 2,88.0
30193,2023-01-01 00:13:09,product 2,category 2,16.41
38435,2023-01-01 00:13:09,product 4,category 1,22.41
83216,2023-01-01 00:13:10,product 8,category 1,46.6
52659,2023-01-01 00:13:13,product 5,category 3,94.5
83696,2023-01-01 00:13:15,product 10,category 5,95.11
50380,2023-01-01 00:13:17,product 1,category 1,35.87
92078,2023-01-01 00:13:18,product 9,category 5,91.6
37494,2023-01-01 00:13:19,product 9,category 1,34.93
68013,2023-01-01 00:13:20,product 1,category 2,87.07
91403,2023-01-01 00:13:21,product 1,category 4,93.77
22985,2023-01-01 00:13:22,product 5,category 2,78.5
68673,2023-01-01 00:13:24,product 3,category 2,75.16
53692,2023-01-01 00:13:26,product 6,category 3,56.35
16677,2023-01-01 00:13:27,product 3,category 4,38.31
84776,2023-01-01 00:13:33,product 5,category 2,34.81
66590,2023-01-01 00:13:38,product 9,category 3,43.95
57395,2023-01-01 00:13:40,product 8,category 2,67.46
10421,2023-01-01 00:13:42,product 5,category 1,11.59
80967,2023-01-01 00:13:44,product 5,category 5,92.64
45673,2023-01-01 00:13:46,product 1,category 5,55.52
49289,2023-01-01 00:13:46,product 3,category 5,24.1
20727,2023-01-01 00:13:49,product 4,category 2,0.93
28278,2023-01-01 00:13:50,product 9,category 3,30.68
33697,2023-01-01 00:13:50,product 4,category 3,10.23
49999,2023-01-01 00:13:50,product 7,category 5,35.04
42436,2023-01-01 00:13:50,product 10,category 5,28.88
26496,2023-01-01 00:13:52,product 10,category 1,82.04
38173,2023-01-01 00:13:53,product 7,category 4,4.88
38696,2023-01-01 00:13:59,product 3,category 1,49.55
13456,2023-01-01 00:14:01,product 2,category 5,43.73
76526,2023-01-01 00:14:03,product 10,category 4,63.28
68868,2023-01-01 00:14:05,product 5,category 1,19.17
54943,2023-01-01 00:14:08,product 4,category 1,13.16
42056,2023-01-01 00:14:08,product 1,category 2,9.3
50005,2023-01-01 00:14:09,product 8,category 5,41.61
38203,2023-01-01 00:14:10,product 2,category 3,75.84
16717,2023-01-01 00:14:11,product 1,category 3,39.32
87600,2023-01-01 00:14:14,product 9,category 4,83.77
25215,2023-01-01 00:14:14,product 1,category 2,54.54
35876,2023-01-01 00:14:14,product 3,category 5,55.7
36172,2023-01-01 00:14:17,product 3,category 5,45.57
93271,2023-01-01 00:14:18,product 7,category 2,22.31
58820,2023-01-01 00:14:19,product 4,category 4,20.66
29125,2023-01-01 00:14:20,product 5,category 2,15.37
90454,2023-01-01 00:14:20,product 9,category 4,37.42
28609,2023-01-01 00:14:21,product 3,category 1,35.61
45154,2023-01-01 00:14:22,product 10,category 4,80.76
21540,2023-01-01 00:14:23,product 8,category 4,74.25
48932,2023-01-01 00:14:23,product 5,category 3,15.15
83685,2023-01-01 00:14:24,product 8,category 1,64.85
67184,2023-01-01 00:14:25,product 10,category 2,82.73
72687,2023-01-01 00:14:25,product 9,category 5,45.0
52304,2023-01-01 00:14:26,product 4,category 4,2.07
26614,2023-01-01 00:14:29,product 2,category 2,4.25
51286,2023-01-01 00:14:30,product 10,category 1,42.34
97796,2023-01-01 00:14:33,product 5,category 1,69.59
63192,2023-01-01 00:14:35,product 10,category 2,95.19
90967,2023-01-01 00:14:35,product 1,category 2,91.78
44836,2023-01-01 00:14:37,product 3,category 4,19.75
13343,2023-01-01 00:14:37,product 9,category 3,70.71
23411,2023-01-01 00:14:41,product 9,category 5,56.02
26197,2023-01-01 00:14:41,product 1,category 2,72.44
86245,2023-01-01 00:14:41,product 5,category 1,9.19
78429,2023-01-01 00:14:43,product 3,category 2,56.74
61901,2023-01-01 00:14:44,product 1,category 4,85.92
32603,2023-01-01 00:14:44,product 1,category 4,90.75
65259,2023-01-01 00:14:44,product 3,category 3,15.92
66555,2023-01-01 00:14:46,product 3,category 3,92.75
42991,2023-01-01 00:14:49,product 10,category 5,76.42
97108,2023-01-01 00:14:51,product 5,category 2,55.93
24038,2023-01-01 00:14:51,product 6,category 2,55.85
44356,2023-01-01 00:14:57,product 9,category 2,26.65
48857,2023-01-01 00:14:58,product 10,category 1,63.84
96932,2023-01-01 00:14:59,product 3,category 2,33.95
85412,2023-01-01 00:15:00,product 4,category 3,4.51
63484,2023-01-01 00:15:00,product 1,category 3,55.27
83974,2023-01-01 00:15:02,product 3,category 1,70.99
67490,2023-01-01 00:15:03,product 7,category 4,53.81
18059,2023-01-01 00:15:06,product 7,category 4,37.1
18097,2023-01-01 00:15:06,product 7,category 2,26.72
17337,2023-01-01 00:15:09,product 8,category 1,42.05
77064,2023-01-01 00:15:11,product 5,category 2,54.38
10436,2023-01-01 00:15:11,product 2,category 2,64.43
39457,2023-01-01 00:15:13,product 6,category 1,89.04
59001,2023-01-01 00:15:16,product 8,category 2,22.24
63412,2023-01-01 00:15:21,product 7,category 4,0.06
41432,2023-01-01 00:15:22,product 9,category 5,62.34
93989,2023-01-01 00:15:22,product 4,category 2,17.25
36915,2023-01-01 00:15:22,product 5,category 4,6.71
48845,2023-01-01 00:15:23,product 5,category 3,35.52
24202,2023-01-01 00:15:30,product 5,category 1,38.78
94377,2023-01-01 00:15:31,product 2,category 2,42.77
88230,2023-01-01 00:15:35,product 5,category 5,19.16
13652,2023-01-01 00:15:39,product 1,category 2,66.89
41580,2023-01-01 00:15:42,product 4,category 1,5.01
32346,2023-01-01 00:15:44,product 2,category 1,6.6
24696,2023-01-01 00:15:44,product 4,category 3,3.2
80458,2023-01-01 00:15:44,product 9,category 4,33.87
43360,2023-01-01 00:15:45,product 9,category 5,11.46
75729,2023-01-01 00:15:47,product 2,category 3,8.21
96904,2023-01-01 00:15:48,product 9,category 3,77.13
46804,2023-01-01 00:15:49,product 5,category 4,76.16
78946,2023-01-01 00:15:51,product 7,category 1,93.94
33478,2023-01-01 00:15:52,product 3,category 1,85.29
25626,2023-01-01 00:15:55,product 6,category 4,71.21
91250,2023-01-01 00:15:56,product 8,category 1,57.42
82945,2023-01-01 00:15:57,product 3,category 4,1.04
34738,2023-01-01 00:16:01,product 7,category 3,85.91
86492,2023-01-01 00:16:02,product 4,category 3,46.56
62866,2023-01-01 00:16:02,product 7,category 3,56.94
47731,2023-01-01 00:16:02,product 10,category 1,22.59
28656,2023-01-01 00:16:04,product 6,category 4,86.7
28898,2023-01-01 00:16:05,product 4,category 4,91.77
11037,2023-01-01 00:16:06,product 2,category 5,13.96
14684,2023-01-01 00:16:06,product 1,category 3,34.95
22955,2023-01-01 00:16:06,product 2,category 4,10.82
17691,2023-01-01 00:16:08,product 9,category 3,40.39
63534,2023-01-01 00:16:08,product 4,category 1,62.76
43498,2023-01-01 00:16:10,product 7,category 5,56.46
52390,2023-01-01 00:16:10,product 4,category 4,28.76
64235,2023-01-01 00:16:11,product 9,category 2,57.32
43486,2023-01-01 00:16:13,product 10,category 4,94.54
98138,2023-01-01 00:16:14,product 1,category 2,61.98
60007,2023-01-01 00:16:14,product 10,category 1,58.05
11829,2023-01-01 00:16:15,product 10,category 5,76.4
69268,2023-01-01 00:16:18,product 3,category 4,24.47
76655,2023-01-01 00:16:20,product 10,category 2,98.25
26228,2023-01-01 00:16:20,product 9,category 4,82.87
57975,2023-01-01 00:16:21,product 3,category 5,91.73
28972,2023-01-01 00:16:26,product 7,category 4,92.4
11958,2023-01-01 00:16:26,product 8,category 3,38.38
12927,2023-01-01 00:16:28,product 8,category 3,4.72
99023,2023-01-01 00:16:28,product 10,category 2,68.35
93657,2023-01-01 00:16:30,product 3,category 3,46.98
32861,2023-01-01 00:16:31,product 4,category 2,64.67
71273,2023-01-01 00:16:32,product 2,category 3,72.28
43851,2023-01-01 00:16:34,product 3,category 5,92.01
50600,2023-01-01 00:16:35,product 9,category 2,98.29
20533,2023-01-01 00:16:36,product 2,category 4,94.57
83662,2023-01-01 00:16:38,product 7,category 3,68.04
33743,2023-01-01 00:16:40,product 2,category 4,83.34
20770,2023-01-01 00:16:40,product 4,category 3,47.44
74586,2023-01-01 00:16:42,product 10,category 1,64.86
67929,2023-01-01 00:16:42,product 3,category 1,26.03
15476,2023-01-01 00:16:42,product 6,category 3,3.74
17747,2023-01-01 00:16:45,product 3,category 4,34.84
75506,2023-01-01 00:16:48,product 10,category 2,71.63
66863,2023-01-01 00:16:49,product 4,category 2,96.55
66704,2023-01-01 00:16:51,product 1,category 1,69.69
23130,2023-01-01 00:16:52,product 2,category 1,38.75
83911,2023-01-01 00:16:52,product 5,category 1,61.34
65827,2023-01-01 00:16:52,product 10,category 2,88.81
14204,2023-01-01 00:16:53,product 4,category 4,89.34
29492,2023-01-01 00:16:54,product 10,category 3,76.06
79094,2023-01-01 00:16:54,product 10,category 5,70.35
21725,2023-01-01 00:16:57,product 4,category 2,33.25
48677,2023-01-01 00:16:59,product 2,category 5,26.46
63922,2023-01-01 00:17:01,product 2,category 5,36.43
89393,2023-01-01 00:17:01,product 2,category 5,37.15
14683,2023-01-01 00:17:03,product 2,category 4,21.83
82918,2023-01-01 00:17:03,product 10,category 3,23.97
53542,2023-01-01 00:17:04,product 7,category 3,69.29
18071,2023-01-01 00:17:06,product 2,category 5,23.74
38234,2023-01-01 00:17:08,product 4,category 5,48.75
42824,2023-01-01 00:17:09,product 7,category 2,98.35
10550,2023-01-01 00:17:09,product 1,category 2,15.9
57092,2023-01-01 00:17:10,product 10,category 1,12.9
70447,2023-01-01 00:17:11,product 9,category 3,44.62
51812,2023-01-01 00:17:11,product 10,category 2,43.3
92183,2023-01-01 00:17:12,product 3,category 4,65.34
90161,2023-01-01 00:17:13,product 4,category 4,49.77
89231,2023-01-01 00:17:13,product 5,category 5,31.96
31922,2023-01-01 00:17:18,product 9,category 1,27.96
10255,2023-01-01 00:17:26,product 8,category 1,85.31
25997,2023-01-01 00:17:27,product 5,category 5,39.08
71132,2023-01-01 00:17:28,product 5,category 3,80.98
92975,2023-01-01 00:17:28,product 6,category 5,94.04
99063,2023-01-01 00:17:28,product 4,category 4,10.53
34740,2023-01-01 00:17:28,product 1,category 5,62.81
71236,2023-01-01 00:17:30,product 4,category 2,31.36
33893,2023-01-01 00:17:34,product 5,category 3,67.79
96950,2023-01-01 00:17:35,product 3,category 5,42.13
19229,2023-01-01 00:17:36,product 10,category 5,86.63
53506,2023-01-01 00:17:37,product 5,category 3,3.39
97796,2023-01-01 00:17:37,product 3,category 1,31.1
99779,2023-01-01 00:17:38,product 4,category 3,64.65
40860,2023-01-01 00:17:39,product 1,category 2,84.77
28881,2023-01-01 00:17:39,product 10,category 1,26.46
40842,2023-01-01 00:17:39,product 10,category 4,11.6
97673,2023-01-01 00:17:40,product 1,category 3,61.15
90128,2023-01-01 00:17:40,product 5,category 3,89.09
63770,2023-01-01 00:17:42,product 1,category 5,14.71
84131,2023-01-01 00:17:45,product 6,category 2,74.14
15469,2023-01-01 00:17:49,product 5,category 3,95.94
91617,2023-01-01 00:17:50,product 3,category 5,86.85
73533,2023-01-01 00:17:53,product 5,category 5,63.17
84931,2023-01-01 00:17:54,product 10,category 3,53.52
14305,2023-01-01 00:17:57,product 10,category 3,99.56
91812,2023-01-01 00:17:58,product 8,category 1,48.32
69824,2023-01-01 00:17:58,product 7,category 1,61.75
98981,2023-01-01 00:18:01,product 7,category 1,57.96
34884,2023-01-01 00:18:02,product 2,category 5,44.75
17730,2023-01-01 00:18:03,product 4,category 2,46.61
58101,2023-01-01 00:18:06,product 6,category 1,38.59
89217,2023-01-01 00:18:06,product 8,category 4,34.75
31412,2023-01-01 00:18:06,product 2,category 1,99.83
44810,2023-01-01 00:18:08,product 4,category 3,88.29
76900,2023-01-01 00:18:09,product 10,category 4,83.08
71780,2023-01-01 00:18:10,product 6,category 3,39.15
80955,2023-01-01 00:18:12,product 2,category 2,95.65
98780,2023-01-01 00:18:12,product 3,category 4,78.47
68102,2023-01-01 00:18:13,product 7,category 3,92.62
19471,2023-01-01 00:18:15,product 8,category 4,60.47
90444,2023-01-01 00:18:16,product 6,category 4,1.29
24427,2023-01-01 00:18:19,product 4,category 2,86.74
69224,2023-01-01 00:18:21,product 6,category 1,54.31
65917,2023-01-01 00:18:22,product 10,category 3,68.57
38987,2023-01-01 00:18:22,product 10,category 5,11.93
74786,2023-01-01 00:18:23,product 4,category 4,53.73
48035,2023-01-01 00:18:24,product 7,category 4,66.08
12274,2023-01-01 00:18:24,product 2,category 5,78.65
49006,2023-01-01 00:18:24,product 6,category 4,71.89
50700,2023-01-01 00:18:25,product 3,category 3,86.82
82009,2023-01-01 00:18:25,product 2,category 5,56.95
67845,2023-01-01 00:18:26,product 7,category 3,34.77
23272,2023-01-01 00:18:27,product 9,category 2,41.93
94716,2023-01-01 00:18:34,product 5,category 1,30.1
40650,2023-01-01 00:18:35,product 3,category 3,50.98
91315,2023-01-01 00:18:35,product 6,category 5,94.94
55058,2023-01-01 00:18:36,product 2,category 3,1.34
58552,2023-01-01 00:18:37,product 8,category 1,97.74
29734,2023-01-01 00:18:39,product 5,category 2,1.95
68893,2023-01-01 00:18:39,product 4,category 2,97.34
60634,2023-01-01 00:18:40,product 3,category 4,24.02
71799,2023-01-01 00:18:41,product 3,category 3,60.9
94954,2023-01-01 00:18:41,product 7,category 2,82.45
66721,2023-01-01 00:18:41,product 1,category 1,86.78
64050,2023-01-01 00:18:42,product 4,category 4,14.25
61526,2023-01-01 00:18:45,product 8,category 1,61.01
73378,2023-01-01 00:18:46,product 10,category 5,35.6
16526,2023-01-01 00:18:47,product 6,category 3,61.42
43741,2023-01-01 00:18:47,product 6,category 2,65.43
12673,2023-01-01 00:18:48,product 9,category 4,64.03
65788,2023-01-01 00:18:48,product 1,category 3,2.27
86446,2023-01-01 00:18:48,product 4,category 5,98.75
84348,2023-01-01 00:18:49,product 5,category 5,60.47
28435,2023-01-01 00:18:50,product 7,category 1,87.84
37322,2023-01-01 00:18:50,product 2,category 2,53.09
73926,2023-01-01 00:18:50,product 6,category 4,5.73
25492,2023-01-01 00:18:51,product 1,category 4,88.08
76332,2023-01-01 00:18:52,product 8,category 4,25.05
87326,2023-01-01 00:18:53,product 1,category 1,31.75
21579,2023-01-01 00:18:54,product 9,category 5,29.87
71580,2023-01-01 00:18:57,product 9,category 2,92.49
22882,2023-01-01 00:18:58,product 4,category 2,88.52
21929,2023-01-01 00:19:02,product 9,category 3,75.85
58692,2023-01-01 00:19:04,product 4,category 2,54.94
68986,2023-01-01 00:19:06,product 5,category 3,91.89
74385,2023-01-01 00:19:08,product 8,category 5,6.24
34183,2023-01-01 00:19:09,product 7,category 1,81.12
95537,2023-01-01 00:19:09,product 5,category 3,13.83
98553,2023-01-01 00:19:11,product 3,category 1,25.47
21460,2023-01-01 00:19:15,product 10,category 1,79.8
86384,2023-01-01 00:19:16,product 7,category 4,96.35
72826,2023-01-01 00:19:18,product 10,category 2,5.5
85643,2023-01-01 00:19:18,product 2,category 3,66.49
50838,2023-01-01 00:19:18,product 2,category 4,65.87
21588,2023-01-01 00:19:19,product 1,category 1,94.97
77901,2023-01-01 00:19:20,product 3,category 4,16.17
95617,2023-01-01 00:19:20,product 5,category 3,71.07
53055,2023-01-01 00:19:21,product 7,category 2,21.19
72918,2023-01-01 00:19:21,product 5,category 2,43.54
18026,2023-01-01 00:19:22,product 10,category 4,53.6
59387,2023-01-01 00:19:23,product 2,category 4,45.99
39937,2023-01-01 00:19:23,product 4,category 2,76.3
31801,2023-01-01 00:19:24,product 1,category 1,67.56
84113,2023-01-01 00:19:29,product 2,category 1,93.43
62636,2023-01-01 00:19:31,product 4,category 1,9.51
47917,2023-01-01 00:19:32,product 9,category 2,89.9
74253,2023-01-01 00:19:33,product 3,category 5,57.81
53563,2023-01-01 00:19:33,product 9,category 2,49.32
48300,2023-01-01 00:19:33,product 4,category 1,28.94
86964,2023-01-01 00:19:36,product 1,category 1,43.48
45527,2023-01-01 00:19:38,product 5,category 4,18.09
56071,2023-01-01 00:19:39,product 4,category 4,97.81
97338,2023-01-01 00:19:40,product 8,category 5,0.83
87879,2023-01-01 00:19:42,product 10,category 5,35.85
40906,2023-01-01 00:19:43,product 6,category 4,99.86
99056,2023-01-01 00:19:44,product 10,category 4,58.18
41255,2023-01-01 00:19:48,product 4,category 1,32.29
59940,2023-01-01 00:19:53,product 10,category 4,85.72
67613,2023-01-01 00:19:54,product 4,category 3,9.51
64691,2023-01-01 00:19:55,product 1,category 1,94.23
56832,2023-01-01 00:19:55,product 2,category 2,81.56
36175,2023-01-01 00:19:56,product 2,category 1,47.77
98786,2023-01-01 00:19:56,product 1,category 4,51.34
36962,2023-01-01 00:19:56,product 10,category 2,42.4
79782,2023-01-01 00:19:57,product 7,category 2,58.04
86117,2023-01-01 00:19:58,product 2,category 1,56.5
83031,2023-01-01 00:20:02,product 1,category 4,63.21
27470,2023-01-01 00:20:03,product 3,category 3,39.62
29812,2023-01-01 00:20:03,product 5,category 3,55.69
62862,2023-01-01 00:20:04,product 6,category 3,9.83
96829,2023-01-01 00:20:07,product 8,category 5,64.68
57057,2023-01-01 00:20:09,product 7,category 1,59.89
49905,2023-01-01 00:20:10,product 10,category 4,51.08
40504,2023-01-01 00:20:12,product 4,category 5,19.74
12082,2023-01-01 00:20:12,product 7,category 5,70.73
89882,2023-01-01 00:20:13,product 7,category 3,25.88
71936,2023-01-01 00:20:23,product 1,category 2,42.36
57055,2023-01-01 00:20:23,product 3,category 1,83.97
26632,2023-01-01 00:20:23,product 5,category 4,5.2
18815,2023-01-01 00:20:23,product 7,category 2,28.19
37415,2023-01-01 00:20:24,product 3,category 5,1.12
99345,2023-01-01 00:20:24,product 3,category 4,15.21
31406,2023-01-01 00:20:26,product 6,category 1,70.71
31276,2023-01-01 00:20:27,product 4,category 5,99.78
31475,2023-01-01 00:20:29,product 9,category 4,41.89
30722,2023-01-01 00:20:31,product 8,category 4,18.96
91826,2023-01-01 00:20:34,product 1,category 4,20.98
60594,2023-01-01 00:20:34,product 9,category 5,59.85
97911,2023-01-01 00:20:35,product 2,category 1,12.59
32902,2023-01-01 00:20:40,product 1,category 4,8.29
25976,2023-01-01 00:20:40,product 7,category 4,13.7
52814,2023-01-01 00:20:40,product 9,category 4,38.01
21297,2023-01-01 00:20:42,product 10,category 2,70.91
23154,2023-01-01 00:20:43,product 1,category 1,14.86
71952,2023-01-01 00:20:43,product 2,category 2,57.2
29260,2023-01-01 00:20:45,product 10,category 4,9.57
82016,2023-01-01 00:20:45,product 10,category 2,76.58
69902,2023-01-01 00:20:47,product 5,category 3,16.85
36225,2023-01-01 00:20:49,product 7,category 3,31.02
86323,2023-01-01 00:20:53,product 2,category 1,98.53
43938,2023-01-01 00:20:55,product 8,category 5,6.96
21847,2023-01-01 00:20:56,product 2,category 5,69.17
75175,2023-01-01 00:20:56,product 4,category 1,43.55
84039,2023-01-01 00:20:57,product 10,category 5,25.88
60877,2023-01-01 00:21:00,product 3,category 2,19.46
85290,2023-01-01 00:21:01,product 2,category 5,76.47
67865,2023-01-01 00:21:02,product 5,category 1,63.24
78932,2023-01-01 00:21:02,product 2,category 3,58.33
41095,2023-01-01 00:21:03,product 5,category 4,54.83
63454,2023-01-01 00:21:05,product 5,category 2,25.8
19664,2023-01-01 00:21:05,product 4,category 5,17.6
27813,2023-01-01 00:21:05,product 5,category 2,81.05
22190,2023-01-01 00:21:08,product 5,category 1,12.95
79903,2023-01-01 00:21:09,product 5,category 1,92.27
68441,2023-01-01 00:21:10,product 9,category 5,39.17
13253,2023-01-01 00:21:13,product 3,category 4,34.82
75238,2023-01-01 00:21:14,product 2,category 1,59.35
49695,2023-01-01 00:21:18,product 8,category 2,4.83
47597,2023-01-01 00:21:19,product 5,category 3,18.33
73101,2023-01-01 00:21:21,product 5,category 1,39.91
48861,2023-01-01 00:21:22,product 10,category 5,81.13
30354,2023-01-01 00:21:22,product 4,category 1,60.27
39050,2023-01-01 00:21:23,product 10,category 5,53.61
48176,2023-01-01 00:21:25,product 2,category 2,18.77
77734,2023-01-01 00:21:25,product 7,category 5,70.99
41126,2023-01-01 00:21:26,product 9,category 1,99.63
73346,2023-01-01 00:21:26,product 3,category 1,91.01
90630,2023-01-01 00:21:27,product 2,category 1,32.94
91895,2023-01-01 00:21:28,product 6,category 2,21.83
20292,2023-01-01 00:21:34,product 1,category 1,36.3
26086,2023-01-01 00:21:34,product 9,category 1,67.93
33000,2023-01-01 00:21:36,product 4,category 5,52.46
19939,2023-01-01 00:21:38,product 2,category 1,83.17
18118,2023-01-01 00:21:38,product 6,category 1,36.67
50482,2023-01-01 00:21:39,product 7,category 1,41.88
96723,2023-01-01 00:21:40,product 10,category 5,84.23
32742,2023-01-01 00:21:41,product 2,category 1,11.23
66319,2023-01-01 00:21:41,product 6,category 2,50.54
65928,2023-01-01 00:21:42,product 6,category 3,8.57
28319,2023-01-01 00:21:44,product 10,category 2,71.69
95969,2023-01-01 00:21:47,product 4,category 2,11.02
37817,2023-01-01 00:21:49,product 10,category 5,87.31
84636,2023-01-01 00:21:49,product 10,category 1,92.51
79703,2023-01-01 00:21:49,product 5,category 2,62.34
96538,2023-01-01 00:21:50,product 5,category 4,14.49
17069,2023-01-01 00:21:50,product 5,category 5,79.96
75369,2023-01-01 00:21:52,product 5,category 3,52.75
75795,2023-01-01 00:21:52,product 8,category 5,38.85
77785,2023-01-01 00:21:53,product 3,category 2,84.16
21085,2023-01-01 00:21:53,product 6,category 3,14.99
94473,2023-01-01 00:21:54,product 1,category 3,96.42
33718,2023-01-01 00:21:56,product 5,category 1,93.08
57469,2023-01-01 00:21:57,product 5,category 2,29.13
12662,2023-01-01 00:21:57,product 2,category 5,40.35
42525,2023-01-01 00:21:57,product 8,category 5,26.29
21790,2023-01-01 00:21:58,product 8,category 2,31.69
70089,2023-01-01 00:21:58,product 9,category 1,1.91
92294,2023-01-01 00:21:59,product 6,category 1,70.89
31983,2023-01-01 00:21:59,product 7,category 5,61.97
94710,2023-01-01 00:22:04,product 10,category 4,94.19
98048,2023-01-01 00:22:06,product 7,category 4,61.25
51990,2023-01-01 00:22:08,product 8,category 5,56.1
61309,2023-01-01 00:22:08,product 5,category 3,50.38
38760,2023-01-01 00:22:15,product 9,category 3,1.52
80258,2023-01-01 00:22:17,product 1,category 4,87.68
31784,2023-01-01 00:22:17,product 1,category 1,97.48
14534,2023-01-01 00:22:17,product 2,category 1,16.56
42198,2023-01-01 00:22:18,product 7,category 4,26.5
54091,2023-01-01 00:22:26,product 10,category 3,85.89
53220,2023-01-01 00:22:27,product 9,category 1,22.23
89091,2023-01-01 00:22:30,product 3,category 4,56.43
43433,2023-01-01 00:22:34,product 6,category 5,76.01
93875,2023-01-01 00:22:34,product 6,category 2,76.32
57470,2023-01-01 00:22:37,product 4,category 4,95.99
13218,2023-01-01 00:22:37,product 3,category 4,32.91
16485,2023-01-01 00:22:37,product 6,category 3,50.84
76508,2023-01-01 00:22:38,product 2,category 4,62.13
35794,2023-01-01 00:22:40,product 10,category 5,24.53
71327,2023-01-01 00:22:41,product 4,category 3,28.19
65657,2023-01-01 00:22:43,product 6,category 2,53.53
85530,2023-01-01 00:22:44,product 7,category 1,7.17
27278,2023-01-01 00:22:44,product 4,category 3,44.81
59494,2023-01-01 00:22:44,product 3,category 3,43.2
84684,2023-01-01 00:22:44,product 1,category 3,57.75
29857,2023-01-01 00:22:45,product 6,category 4,94.57
61941,2023-01-01 00:22:47,product 4,category 1,31.25
60854,2023-01-01 00:22:48,product 4,category 1,91.04
54322,2023-01-01 00:22:48,product 6,category 2,89.14
99096,2023-01-01 00:22:50,product 7,category 5,41.32
18309,2023-01-01 00:22:55,product 2,category 5,12.9
16043,2023-01-01 00:22:59,product 9,category 3,98.39
70898,2023-01-01 00:23:00,product 4,category 3,62.94
54933,2023-01-01 00:23:00,product 9,category 5,67.85
31597,2023-01-01 00:23:01,product 10,category 5,35.24
79651,2023-01-01 00:23:01,product 5,category 4,18.49
30048,2023-01-01 00:23:01,product 9,category 5,32.11
47933,2023-01-01 00:23:06,product 7,category 3,14.84
66753,2023-01-01 00:23:09,product 5,category 3,71.43
34184,2023-01-01 00:23:10,product 3,category 1,32.0
84485,2023-01-01 00:23:11,product 5,category 5,44.13
70441,2023-01-01 00:23:14,product 2,category 4,79.01
52299,2023-01-01 00:23:15,product 4,category 5,95.76
22750,2023-01-01 00:23:15,product 3,category 3,99.15
57589,2023-01-01 00:23:16,product 3,category 1,32.36
54057,2023-01-01 00:23:16,product 3,category 5,75.08
65421,2023-01-01 00:23:18,product 8,category 4,46.18
76756,2023-01-01 00:23:19,product 8,category 3,99.13
46375,2023-01-01 00:23:21,product 9,category 5,91.38
93788,2023-01-01 00:23:25,product 9,category 1,50.97
17962,2023-01-01 00:23:26,product 5,category 4,73.86
18778,2023-01-01 00:23:29,product 10,category 4,3.92
78180,2023-01-01 00:23:29,product 9,category 3,67.11
93381,2023-01-01 00:23:29,product 2,category 4,65.85
52173,2023-01-01 00:23:31,product 10,category 5,5.22
53732,2023-01-01 00:23:34,product 4,category 3,21.22
13516,2023-01-01 00:23:35,product 2,category 3,29.36
49238,2023-01-01 00:23:35,product 7,category 3,45.64
20326,2023-01-01 00:23:37,product 6,category 5,77.42
82548,2023-01-01 00:23:39,product 9,category 3,95.95
38689,2023-01-01 00:23:39,product 1,category 5,32.54
47472,2023-01-01 00:23:39,product 8,category 4,40.88
65122,2023-01-01 00:23:39,product 10,category 3,60.87
49923,2023-01-01 00:23:40,product 6,category 4,33.57
70876,2023-01-01 00:23:43,product 5,category 1,68.6
69850,2023-01-01 00:23:45,product 7,category 1,1.55
18717,2023-01-01 00:23:47,product 2,category 5,37.52
89694,2023-01-01 00:23:48,product 3,category 5,23.14
30308,2023-01-01 00:23:48,product 7,category 1,80.55
77681,2023-01-01 00:23:49,product 1,category 2,27.31
96938,2023-01-01 00:23:49,product 8,category 3,8.1
96084,2023-01-01 00:23:49,product 4,category 2,61.75
60688,2023-01-01 00:23:52,product 6,category 2,65.1
43581,2023-01-01 00:23:56,product 2,category 3,75.2
94766,2023-01-01 00:23:56,product 10,category 3,21.29
53617,2023-01-01 00:23:57,product 2,category 4,52.09
